Memberid,Max_BPM,Avg_BPM,Resting_BPM,Session_Duration (hours),Calories_Burned,Workout_Type,Fat_Percentage,Water_Intake (liters),Workout_Frequency (days/week),Experience_Level,BMI
1972JX18,180,157,60,1.69,1313,Yoga,12.6,3.5,4,3,30.2
1981MS26,179,151,66,1.3,883,HIIT,33.9,2.1,4,2,32
1994ZW39,167,122,54,1.11,677,Cardio,33.4,2.3,4,2,24.71
1965XQ68,190,164,56,0.59,532,Strength,28.8,2.1,3,1,18.41
1969MV88,188,158,68,0.64,556,Strength,29.2,2.8,3,1,14.39
1980VH83,168,156,74,1.59,1116,HIIT,15.5,2.7,5,3,20.55
1999GV90,174,169,73,1.49,1385,Cardio,21.3,2.3,3,2,23.76
1976ZZ75,189,141,64,1.27,895,Cardio,30.6,1.9,3,2,30.57
1976HS41,185,127,52,1.03,719,Strength,28.9,2.6,4,2,32.34
1996AI24,169,136,64,1.08,808,Cardio,29.7,2.7,3,1,30.07
1967MO51,188,146,54,0.82,593,HIIT,20.5,3,2,1,43.31
1967LP73,175,152,72,1.15,865,HIIT,23.6,3.5,3,2,17.89
1987CX50,195,165,61,1.24,1013,Cardio,22.1,2.7,3,2,43.4
1985NJ33,179,136,69,1.18,794,HIIT,27.6,3.7,3,1,23.62
1983XR50,196,161,54,1.35,1195,Yoga,26.4,3.3,3,2,35.93
1985JU65,181,131,52,1.13,740,Strength,26.2,2.1,2,1,13.88
1983WP42,166,167,58,1.33,1111,HIIT,29.8,2.3,3,2,27.34
1999YH46,182,165,58,1.19,884,Cardio,31.9,1.6,3,1,13.98
1957UV74,199,146,56,1.13,742,Strength,32.8,2.5,3,2,21.81
1971YR81,188,167,51,1.37,1030,HIIT,25.2,2.2,2,1,26.96
1988ZO60,175,127,72,1.5,1048,Strength,28.9,3.7,4,2,28.41
1984RE55,197,142,72,1.12,875,Cardio,25.7,3.1,2,1,22.95
1979ZC27,187,161,70,1.17,848,Yoga,33.1,2.5,2,1,25.16
1957AR54,197,168,65,0.78,721,Yoga,28.1,3.4,2,1,38.16
1964WK50,190,148,58,1.25,925,HIIT,26.9,1.9,4,2,22.51
1972BU44,173,169,62,1.42,1080,Yoga,26.1,1.8,3,2,21.78
1979FH41,192,139,68,0.73,502,HIIT,27.2,2.7,2,1,20.12
1981SZ41,168,135,69,1.48,989,Strength,21.6,2.8,4,2,17.6
1960SP36,186,136,66,1.64,1104,HIIT,14.2,3.5,5,3,24.54
1974DK24,183,135,55,1.29,871,HIIT,32.3,1.8,3,2,27.64
1958YN45,172,138,53,1.27,964,HIIT,28.4,3.5,3,1,33.4
1977QY12,185,127,50,1.03,654,Yoga,28,2.2,4,2,28.31
1997DW82,188,157,67,1.48,1046,HIIT,28.2,2.7,2,1,19.37
1972OJ79,187,157,68,1.04,816,Cardio,31.7,2.5,2,1,25.83
1960CN72,187,148,58,1.52,1237,HIIT,10.2,3.5,5,3,27.84
1963XL19,167,160,62,1.32,1162,Strength,27.3,2.9,3,1,42.63
1952UJ30,182,155,57,1.26,879,Cardio,33.4,2.6,4,2,24.37
1973RH27,188,145,72,1.34,1069,Strength,24.2,2.9,3,2,33.14
1981UJ71,164,150,62,1.3,1072,Strength,27.6,3.5,4,2,19.11
1974NA26,166,163,64,1.31,1057,Strength,21.7,2.6,3,2,17.77
1951TG31,195,131,60,1.48,969,Cardio,28.2,2,2,1,21.4
1986NW15,186,136,61,1.08,734,Cardio,34.7,2,3,1,17.3
1971HX09,161,134,63,1.45,962,Yoga,29.9,2.9,4,2,33.8
1950RJ00,184,128,53,1.14,730,Cardio,30.1,2.2,2,1,23.93
1983BH64,168,158,50,1.5,1304,HIIT,29.3,2.8,2,1,40.1
1954UP72,186,161,73,1.2,956,Strength,25.2,2.5,3,1,15.31
1994MA12,160,167,53,0.84,772,Yoga,22.9,3.6,3,1,18.07
1971YS17,182,131,68,1.41,1016,Cardio,22.7,3,2,1,23.17
1958TE54,169,151,58,1.23,836,Strength,34.3,2,3,1,20.42
1990VM95,184,144,59,1.03,742,Cardio,26.7,2.3,4,2,33.61
1997TQ30,162,158,53,1.42,1122,Yoga,30.8,2.4,3,2,19.43
1998GG58,165,137,69,1.67,1133,Cardio,12.8,3.5,5,3,27.18
1981GC60,165,134,58,1.13,750,Cardio,27.4,3.6,3,1,34.18
1968HF57,161,151,62,1.26,1046,Strength,25,2.8,3,1,32.69
1966CF27,177,125,61,0.81,506,HIIT,27.7,1.6,3,1,22.78
1966EX29,182,163,60,1.47,1318,Cardio,21.7,2.7,4,2,44.84
1971MY45,161,162,61,1.4,1021,Yoga,31.2,2.1,3,2,28.35
1987FT01,171,154,67,1.08,832,Cardio,32.2,2.6,3,1,21.77
1957ZY46,181,153,61,1.67,1150,Cardio,17.8,2.7,4,3,20.86
1965TO33,196,157,65,0.56,440,HIIT,32.4,2,2,1,16.99
1967HF32,179,124,54,1.04,580,Strength,26.4,2.6,3,2,22.45
1983CC59,198,137,69,1.08,666,Yoga,33.8,2.1,4,2,16.86
1988FB65,183,135,74,1.75,1299,Strength,12.9,3.5,5,3,32.93
1991JI26,179,127,61,1.23,773,Strength,21.3,3.7,3,2,17.11
1989HT07,160,144,70,1.97,1418,Strength,17.3,2.7,5,3,22.28
1986CC51,160,151,74,0.62,421,Cardio,33.4,1.5,2,1,25.89
1955LQ76,176,145,60,1.99,1587,HIIT,14.5,3.5,5,3,33.55
1995UL76,160,141,58,0.89,627,Cardio,27.6,2.6,3,1,20.88
1991XS90,189,150,67,1.81,1358,Yoga,18.6,2.7,4,3,19.72
1950CB59,162,162,74,1.32,1176,HIIT,21,3.6,4,2,39.12
1968SI16,170,129,52,1.73,1004,Strength,15.2,2.7,5,3,27.7
1955XC44,183,131,69,1.47,963,HIIT,30.6,2.7,3,2,25.89
1962KM34,181,147,66,1.07,786,Yoga,31.9,1.5,4,2,15.24
1960SG70,185,125,63,1.08,743,Cardio,28,2.3,3,2,21.88
1956ZH62,172,139,50,1.13,777,Cardio,23.4,3.1,4,2,35.86
1988HP96,160,124,66,1.08,663,Strength,20.1,2,3,1,16.76
1993FG65,183,142,74,1.37,875,Cardio,29.8,1.6,3,1,18.15
1963OQ40,169,128,57,0.63,363,Cardio,25.2,1.8,2,1,21.58
1956KR71,194,148,54,1.18,864,Yoga,20.9,2.9,2,1,33.16
1985SI12,183,135,54,1.87,1262,HIIT,16.6,2.7,5,3,24.72
1989VF60,187,165,58,1.2,990,Cardio,29.4,2.2,2,1,17.27
1984RR95,195,141,52,1.78,1129,Yoga,16.4,2.7,5,3,19.65
1979UR25,175,127,68,0.86,546,Yoga,30.8,1.5,3,1,23.53
1997FK38,199,139,72,1.08,751,Strength,25.6,1.7,2,1,28.87
1966NY72,175,133,58,1.13,744,Yoga,21.4,2.8,3,2,21.53
1956FH28,176,158,71,1.27,1003,Strength,32,2.2,4,2,19.42
1958RV13,174,156,67,1.34,1150,Cardio,21.4,2.3,3,2,29.71
1951OZ60,175,169,65,1.45,1103,Strength,31.4,2,4,2,22.89
1952DT11,174,153,50,1.09,917,Yoga,20.5,3.5,4,2,29.61
1996PH04,193,130,51,0.64,416,HIIT,29.1,2.7,2,1,29.53
1996KO70,170,159,63,1.93,1688,HIIT,10.9,3.5,4,3,31.44
1975WR06,160,152,63,1.8,1231,Cardio,15.5,2.7,4,3,21.53
1992LH85,174,150,50,1.26,936,Cardio,25.7,3.7,3,2,27.85
1975CN80,185,163,74,1.26,924,HIIT,34.3,2.6,3,1,22.31
1988EP30,163,153,65,1.25,1052,Strength,20.5,2.7,3,2,30.3
1977OJ56,164,169,64,0.58,441,Cardio,29.2,2.3,3,1,22.15
1996KI20,194,126,64,1.29,805,Yoga,27.1,2.7,2,1,40.71
1951NM93,172,168,61,1.33,1106,Cardio,24.6,3.1,3,1,37.56
1963KH05,169,142,65,1.15,735,Strength,33.1,1.9,4,2,26.05
1982LU60,170,165,63,1.97,1625,Cardio,15.9,2.7,4,3,18.76
1979XL58,177,126,73,1.16,804,Yoga,29.6,3,3,2,29.61
1958UH26,193,144,64,1.49,1073,Yoga,28.9,2.1,4,2,15.7
1951IM00,198,122,72,1.2,805,Yoga,23.4,2,3,2,22.61
1953DY77,182,157,64,0.54,420,Strength,28.7,3.3,3,1,34.5
1974GD94,166,139,68,0.97,667,Strength,25.6,2,3,1,18.12
1955UL63,198,153,57,1.79,1369,Yoga,17.6,2.7,5,3,17.54
1999XG40,162,168,51,0.51,424,Yoga,27.3,2.5,2,1,18.66
1963VM39,171,163,51,1.74,1404,Strength,12.9,3.5,5,3,23.09
1982NP01,166,163,59,1.39,1020,Strength,26.6,1.5,3,2,31.41
1956JV13,185,149,52,1.01,677,Strength,31.7,2,4,2,29.87
1966FF23,192,136,72,1.44,979,HIIT,26.3,1.6,3,2,21.64
1976JH99,196,129,66,1.41,819,Strength,33.1,2.6,4,2,25.68
2000SQ64,174,154,57,1.78,1357,Yoga,14.9,3.5,4,3,25.81
1999ZC94,161,139,72,1.72,1315,HIIT,11.9,3.5,4,3,23.52
1967CF23,166,137,53,1.01,685,Strength,24.4,2.7,4,2,27.85
1970MI28,191,164,63,0.55,446,Yoga,20.5,2.8,3,1,23.74
1955YC03,163,163,70,1.09,888,Cardio,25.1,1.9,3,2,16.52
1950UJ48,179,146,59,1.69,1357,HIIT,14.6,3.5,5,3,20.88
1995IM32,195,168,50,1.41,1303,Yoga,21.3,3.1,2,1,30.52
1983YC38,191,155,53,1.02,790,Cardio,29.5,2.4,4,2,26.65
1989AN32,187,142,50,1.22,858,Yoga,28.2,3.1,4,2,24.16
1991DO09,172,151,66,1.29,1071,Strength,28.9,3.3,3,2,27.96
1998QP26,160,129,66,1,639,Strength,25.2,3.5,2,1,34.06
1999QV86,194,130,56,1.28,824,Cardio,25.7,3.5,4,2,29.26
1966XP00,189,157,72,1.97,1701,Strength,13.3,3.5,5,3,30.54
1988DU97,195,125,69,1.28,880,Yoga,29.6,3.1,3,1,29.95
1967PC48,184,160,64,0.51,408,Cardio,31,1.8,2,1,21.41
1960FD28,175,166,62,1.98,1479,Yoga,17.8,2.7,4,3,17.88
1953JI57,178,153,51,0.66,500,Yoga,20.1,3.1,3,1,34.24
1955GI77,160,155,68,1.61,1373,Yoga,10.4,3.5,5,3,22.43
1984KJ27,164,156,73,1.24,870,Strength,30.8,2.1,3,2,14.93
1981KC11,181,136,62,0.68,458,Strength,29.4,3.2,3,1,15.08
1997GV00,183,159,73,1.91,1503,Yoga,14.3,3.5,5,3,21.78
1979SZ06,196,159,60,1.38,1207,HIIT,29.8,3.4,3,2,45.43
1951TJ67,195,131,71,1.42,837,Yoga,30.3,2.4,4,2,18.26
1964FE16,195,140,64,1.17,811,Yoga,27.9,3.4,2,1,22.64
1952KD30,163,159,59,1.31,1041,Cardio,33.4,1.6,3,2,24.5
1998DM48,195,138,58,0.66,451,Yoga,26.5,2.1,2,1,24.55
1958WT50,177,122,58,1.24,756,Strength,28.4,1.8,2,1,26.86
1973SK40,175,137,69,1.69,1042,Cardio,17.3,2.7,4,3,22.08
1966DZ53,177,138,50,0.89,608,HIIT,28.6,3.5,3,1,24.75
1950JU47,181,166,66,1.26,1046,Cardio,28,2.5,4,2,30.18
1990NB23,161,125,61,1.38,854,HIIT,29.2,3.2,2,1,31.61
1996OH16,180,135,59,1.42,958,Cardio,27.3,2.3,4,2,19.63
1998TS89,195,127,54,0.97,678,Cardio,27.5,3.2,3,1,23.05
1963CO69,198,167,67,1.53,1265,HIIT,13.2,3.5,4,3,27.93
1961BU10,198,137,64,1.28,877,Strength,32.5,2.6,3,2,23.59
1989XJ54,188,167,55,1.07,885,Strength,24.4,3.4,3,1,13.23
1980EO20,185,162,56,0.7,624,Strength,29.3,3.1,3,1,25.65
1954EM19,180,158,66,1.46,1038,Cardio,31.3,2.3,3,1,20.55
1966FH23,176,168,55,1.46,1214,Yoga,22.9,2.4,3,2,14.54
1973QG44,175,168,57,0.54,499,Cardio,26.4,3.1,2,1,28.97
1962EC27,190,131,61,1.95,1150,Yoga,16.4,2.7,4,3,26.1
1955QP46,168,164,70,1.32,1082,Yoga,27.9,2,3,2,20.06
1994RC80,190,129,63,0.83,530,Strength,24,2.3,2,1,38.78
1990XH72,173,126,61,1.42,886,Yoga,28.5,3.4,4,2,16.04
1961KO85,196,165,72,1.23,913,Cardio,30,2.1,4,2,12.47
1962UO97,161,120,59,0.67,362,Cardio,31.8,2.7,3,1,21.91
1961TD77,173,168,71,1.3,1201,Strength,23.9,2.5,2,1,27.01
1988HD79,192,155,69,1.02,711,HIIT,27.6,2.1,3,1,22.69
1953SD05,194,140,64,1.08,832,Cardio,29.5,2.8,3,2,39.16
1984FH92,198,156,56,1.49,1151,Yoga,26,2.2,3,2,29.88
1991VQ40,179,143,58,1.36,1070,Cardio,29.3,2.7,3,2,27.69
2000UD27,161,144,59,1.57,1119,Cardio,11,3.5,4,3,25.86
1993UA51,178,126,59,1.55,1074,Cardio,10.7,3.5,4,3,24.97
1991DS44,196,161,65,1.04,837,HIIT,33.6,1.8,4,2,16.42
1984UG20,177,136,56,1.58,967,Yoga,18.4,2.7,5,3,25.58
1971SU80,175,148,54,1.14,844,Strength,26.9,1.7,3,1,23.07
1974XP18,163,149,72,1.27,852,Cardio,27.7,1.8,2,1,22.82
1984MH54,171,126,52,0.92,574,Yoga,28,2.4,2,1,13.03
1977EY22,188,152,67,1.08,813,Yoga,24.5,3.2,3,1,30.22
1977GA00,166,126,60,1.09,680,Strength,26.7,2.1,4,2,15.9
1970TL55,173,143,64,1.52,1195,Cardio,11.6,3.5,5,3,24.87
1972SC48,171,130,70,1.1,644,HIIT,28.8,2.2,3,1,18.18
1969GM69,194,128,69,1.46,925,Yoga,29.9,3.3,3,1,26.77
1999RU22,164,131,54,1.2,778,Strength,22.5,2.8,3,2,22.16
1997DG08,176,154,73,1.58,1095,HIIT,17.5,2.7,4,3,19.88
1973SX93,191,123,61,0.68,418,Yoga,33.4,2.6,3,1,17.94
1983XI24,169,155,53,1.1,767,Cardio,27.4,2.3,3,2,19.67
1985TW96,176,147,64,1.05,772,Yoga,29.2,2.4,3,1,17.16
1969MW27,164,132,58,0.83,603,HIIT,26.2,2.3,3,1,37.87
1988MJ22,168,142,56,1.54,1082,HIIT,12.4,3.5,5,3,24.16
1979IF29,192,138,59,1.81,1249,Cardio,17.3,2.7,5,3,17.94
1959BV55,195,161,72,1.28,1133,Cardio,23.6,3.3,2,1,27.71
1971TR43,195,156,62,1.66,1424,Strength,12.9,3.5,4,3,25.1
1957WK67,177,158,57,1.44,1126,Cardio,26.2,3.4,4,2,14.61
1952JT04,168,143,61,1.87,1337,Strength,18.3,2.7,5,3,19.63
1968UA81,188,135,71,1.2,802,HIIT,20.7,2.6,4,2,31.17
1988GY53,173,152,73,1.37,937,HIIT,31.3,1.8,3,2,22.54
1975RL05,184,131,68,1.09,707,Yoga,29.5,2.7,4,2,15.65
1974XH19,174,153,50,1.1,926,Yoga,25.4,3.3,4,2,21.02
1980ZR61,165,126,65,1.23,852,Strength,27.2,2.7,3,1,25.42
1976NB41,188,130,71,1.23,800,Cardio,30.6,2.4,3,1,28.22
1982VG17,174,150,66,1.33,988,Cardio,28.5,2.2,2,1,36.29
1977UU94,188,148,74,1.03,686,Yoga,34.3,2.5,3,2,14.69
1960CE43,163,132,67,0.56,370,HIIT,26.8,1.8,3,1,16.78
1967ZO15,177,150,60,1.45,979,Strength,29.4,1.8,4,2,29.56
1959AX45,198,121,67,1.71,1138,HIIT,12,3.5,4,3,34.53
1987ZC42,175,158,56,1.18,1025,HIIT,24.1,3,3,1,18.28
1999SM82,170,134,67,1.26,929,Cardio,21.3,2.1,4,2,26.73
1971HZ19,173,130,57,1.03,663,Strength,28.1,2,4,2,25.85
1968CE94,162,153,55,1.84,1267,HIIT,15.2,2.7,5,3,25.08
1965YH26,197,158,56,1.49,1177,Yoga,30.3,1.8,3,1,22.85
1958XN82,177,123,72,1.08,598,Yoga,31.6,2.1,4,2,18.32
1971YU72,179,130,71,1.79,1280,Cardio,11,3.5,4,3,21.16
1950LO88,184,148,59,1.95,1443,Yoga,19.5,2.7,5,3,19.12
1963AK05,197,121,60,1.2,799,Yoga,28.4,3.5,3,2,28.09
1958ZR59,172,135,74,1.18,796,HIIT,29.7,2.5,4,2,22.33
1999XP44,163,158,62,1.37,1071,Yoga,24.1,2.8,4,2,16.28
1992PW20,173,132,58,1.71,1241,Yoga,11.2,3.5,4,3,24.91
1951WV64,192,156,56,1.47,1147,HIIT,32.3,1.5,4,2,26.26
1986LT10,187,136,58,1.08,734,Cardio,26.3,2.1,3,1,26.67
2000GW18,196,140,62,1.83,1153,Cardio,18.4,2.7,4,3,24.78
1977CB00,167,163,52,1.28,1043,Strength,33.4,2.3,3,2,24.96
1961KI96,193,138,52,1.11,842,Yoga,22.3,2.6,3,2,16.22
1952ZM36,164,126,50,1.24,703,HIIT,33.7,1.6,3,1,28.76
1984YP89,164,157,70,1.13,887,Strength,25.3,1.8,4,2,21.3
1994BN02,190,127,69,1.28,732,Cardio,34.1,2.4,2,1,18.67
1979WX96,168,132,51,1.35,980,Cardio,21.2,2.6,4,2,29.11
1993EC23,191,156,74,1.19,1021,HIIT,26.5,3.4,2,1,35.18
1978RS95,192,121,52,1.21,732,Strength,27.5,1.9,3,2,23.53
1953PX81,162,160,64,1.87,1481,Strength,14.2,3.5,4,3,23.73
1977XQ56,189,130,73,0.63,410,HIIT,30.1,1.7,3,1,19.01
1969LH87,171,143,55,1.57,1111,HIIT,10.7,3.5,4,3,23.51
1988GW73,188,125,62,1.46,903,Strength,25.7,2.7,3,2,32.69
1995YS37,162,145,70,1.8,1292,Cardio,12,3.5,5,3,23.53
1970PQ79,185,126,50,1.09,680,Yoga,26.6,2.8,3,2,36.02
1954AP02,189,158,69,1,790,Cardio,33.8,1.5,4,2,25.07
1956HY14,168,138,68,1.45,900,HIIT,29.1,1.6,4,2,28.15
1992MK71,185,125,50,1.87,1169,Strength,16.4,2.7,4,3,25.28
1974RS72,161,162,70,1.16,1034,Strength,20.1,2.3,3,2,29.07
1983TF21,162,148,71,1.44,959,Yoga,30.7,1.6,3,1,16.35
1989WO23,163,162,51,1.29,940,Strength,29,1.9,3,2,16.56
1981NS98,184,158,64,1.55,1224,Yoga,16.9,2.7,4,3,21.26
1997IR04,172,121,63,1.36,815,Cardio,21.8,3.6,4,2,28.43
1991NQ56,198,138,68,1.2,820,Cardio,24.3,2.9,4,2,17.75
1988LI98,194,123,60,1.13,688,Strength,29.8,3.1,3,2,28.05
1956TH24,182,125,64,1.6,900,Strength,16.5,2.7,4,3,21.36
1971DF00,168,168,55,0.99,832,HIIT,31,1.9,2,1,15.02
1962IR85,161,156,69,1.29,1006,HIIT,32.8,1.9,4,2,28.49
1977KT16,190,147,58,0.82,597,Strength,27.5,2,2,1,34.68
1955RI51,161,149,54,1.31,1074,Strength,23.3,2.9,2,1,30.37
1976KU32,191,126,69,1.11,699,Cardio,31.1,2.1,2,1,19.01
1955XP76,177,128,51,1.41,993,Strength,28.7,2.3,3,1,21.49
1967EF11,172,144,55,1.16,919,HIIT,20.2,3.3,3,2,29.98
1954ZT59,164,152,67,0.77,579,Cardio,24.4,2.8,2,1,18.88
1988FP95,169,120,72,1.4,832,Yoga,22.2,2.6,4,2,15.72
1966IU71,184,125,68,0.81,506,HIIT,28.9,1.7,3,1,25.73
1960UP51,193,137,58,1.09,739,HIIT,24.2,2.9,2,1,24.36
1993LE84,196,129,70,0.93,594,Cardio,27.5,3.3,2,1,15.24
1960GP76,189,147,73,1.33,1075,Yoga,20.9,2.5,3,1,25.23
1952TW26,166,130,55,1.04,744,HIIT,25.1,2.4,3,2,45.14
1957XP05,165,152,63,1.39,1056,Strength,30.6,2.1,4,2,25.36
1951MN93,162,120,73,1.11,666,HIIT,29.9,1.7,3,2,26.47
1963KT09,172,132,62,1.01,660,Cardio,27.3,3.1,4,2,26.64
1978ZJ73,162,156,60,1.31,1012,Cardio,23.8,3,2,1,17.72
1976UK12,185,139,61,1.69,1163,Cardio,14.7,3.5,4,3,25.75
1962FI02,183,120,68,1.33,878,HIIT,24.8,2.1,4,2,33.86
1952WC76,165,122,68,1.15,772,Yoga,25.7,2.1,3,2,12.73
1968JP42,171,137,70,0.52,353,Strength,28.3,3.1,2,1,34.29
1994KC21,195,160,68,1.06,763,Cardio,27.8,1.9,2,1,28.92
1979AO37,161,133,73,0.96,632,Yoga,20.8,2.1,2,1,47.72
1999CX78,170,150,62,1.31,982,Strength,32.1,2.4,3,1,22.15
1957LU39,198,146,63,1.34,880,Cardio,29.8,1.9,3,2,20.16
1994PP14,193,136,73,1.01,680,Strength,29,2.8,3,2,26.84
1972BI75,185,165,67,1.36,1010,Strength,34.8,1.8,3,2,26.61
2000IY92,177,148,61,1.07,713,Yoga,29,2.3,3,2,25.35
1965EE95,180,155,53,1.52,1060,Strength,17.1,2.7,4,3,20.38
1996TQ64,195,156,59,1.03,803,Cardio,29.1,1.9,4,2,19.69
1971TC33,199,145,66,1.63,1182,Yoga,16.6,2.7,5,3,25.39
1998XI36,181,136,53,1.4,952,HIIT,32.8,2.7,2,1,18.77
1958BC73,189,141,61,1.36,949,HIIT,27.6,3.2,3,1,40.09
1989UG87,189,144,62,0.92,662,Yoga,29.8,1.7,3,1,20.4
1968UA54,167,121,53,1.12,610,HIIT,25.4,2,3,2,24.54
1960MH20,193,141,59,1.52,964,Strength,16.5,2.7,5,3,17.57
1999OC25,168,124,74,0.81,497,Cardio,22.9,2.7,2,1,31.14
1971IT83,179,123,52,1.97,1212,Strength,19.1,2.7,5,3,20.76
1958XA14,199,155,64,1.48,1136,Yoga,20.9,2.9,2,1,17.61
1952DO70,184,125,51,1.54,962,Cardio,19,2.7,4,3,23.46
1951VP15,178,140,74,0.8,616,Yoga,26.7,3.4,2,1,29.21
1966NI62,164,132,74,1.39,1009,Yoga,27.3,3,2,1,17.46
1956TG11,170,156,66,1.35,1053,Yoga,29.3,1.6,3,2,23.75
1962CB49,174,144,55,0.83,598,Strength,31.8,2.3,3,1,13.71
1961ML76,167,145,57,0.63,502,Cardio,26.1,2,2,1,34.83
1988KI58,178,158,52,1.47,1161,Cardio,32.7,2.4,3,1,30.1
1991EM98,182,139,74,1.79,1232,Cardio,12.2,3.5,5,3,31.75
1963YT18,186,152,67,1.36,1137,Strength,24.7,3.1,4,2,31.48
2000VW59,199,133,71,0.81,593,HIIT,26.4,2.5,2,1,26.64
1973PJ63,191,155,50,1.1,938,Strength,21.1,2.5,4,2,32.32
1958AL69,185,136,65,1.37,922,Strength,24.4,3.4,4,2,24.25
1991IA62,186,140,56,0.9,567,Yoga,34.7,2.4,2,1,15.02
1987LJ34,178,165,52,1.13,923,Cardio,20.4,2.6,4,2,45.49
1974PY51,188,135,72,1.42,1054,Cardio,23.2,2.5,2,1,29.26
1987UA12,198,165,53,1.41,1047,HIIT,28.1,2.2,3,1,24.25
1967VA46,192,135,58,1.4,936,HIIT,26.3,2,4,2,22.55
1987LN47,178,139,54,1.4,876,Yoga,26.1,1.6,3,1,29.26
1988OT47,196,148,68,1.07,792,Cardio,31.3,1.7,3,2,19.98
1976UO44,178,147,64,1.48,979,HIIT,26,1.7,3,2,17.47
1981RI16,192,127,57,0.53,333,HIIT,20.9,2.9,2,1,36.47
1997YU25,175,143,55,1.03,729,Cardio,27.3,3.7,3,2,25.49
1962VA46,182,122,67,0.77,465,Strength,23.2,3.1,2,1,34.14
1995GQ99,166,144,68,1.62,1166,HIIT,19.9,2.7,4,3,21.26
1963QZ11,185,138,73,1.3,987,Cardio,20.4,2.1,4,2,43.31
1981XI61,191,152,64,1.94,1474,HIIT,17.2,2.7,4,3,24.87
1964TM06,171,121,56,1.46,874,Yoga,21.1,2.9,3,2,19.21
1984FU11,167,134,59,1.36,911,HIIT,28.5,2.1,2,1,29.56
1955JV80,164,141,55,1.14,796,Cardio,30,2.2,4,2,31.4
1974AF64,187,129,63,1.85,1181,HIIT,14.4,3.5,5,3,24.51
1968WR03,164,137,66,1.43,970,Yoga,20.5,3.6,3,2,18.62
1994LJ35,185,141,58,1.67,1177,Yoga,17.8,2.7,5,3,18.62
1991IF65,164,165,68,1.83,1359,HIIT,18.2,2.7,4,3,28.46
1952NZ73,181,168,54,1.01,840,HIIT,22.1,2.7,2,1,35.82
1959YD48,174,146,72,0.81,585,Yoga,21.5,3.7,2,1,21.72
1958WJ15,172,132,56,1.4,832,Yoga,34,2,4,2,23.94
1952XC53,187,152,68,1,684,Strength,34.7,2.2,4,2,24.34
1964RI40,192,124,69,1.98,1105,Strength,20,2.7,4,3,25.2
1951WC24,182,145,56,1.84,1321,Yoga,13.9,3.5,4,3,28.27
1979QN80,192,132,73,1.25,742,HIIT,31.6,1.6,2,1,26.9
1956SM52,177,146,51,1.37,1100,Cardio,23.5,2.8,3,1,15.8
1965JH78,189,133,74,1.16,694,HIIT,26.7,1.8,4,2,16.2
1951AG06,185,143,72,1.3,1022,HIIT,20.8,3.4,2,1,24.31
1983RJ60,175,122,65,1.85,1016,Strength,18.5,2.7,4,3,23.06
2000JA68,172,166,62,1.04,863,Strength,32.8,2.4,3,2,29.92
1986BL00,198,168,57,1.13,949,Strength,33.3,2.5,4,2,27.97
1954BQ45,192,149,55,1.14,764,Yoga,34.1,2.4,2,1,20.62
1972KC85,185,154,55,1.03,714,Yoga,33.8,2.5,3,2,20.28
1951AG74,160,167,58,1.48,1223,HIIT,30,2.3,3,2,22.79
1999TI94,197,133,53,1.42,944,HIIT,27.4,2,4,2,23.92
1982LH20,161,131,60,0.69,407,Cardio,32.6,2.3,3,1,28.49
1980TL66,165,147,54,1.42,939,HIIT,30.9,2.3,3,2,26.47
1986KR53,197,163,74,1.82,1468,HIIT,11.3,3.5,4,3,30.12
1999ZD41,183,148,66,1.22,903,Strength,34.8,2.4,2,1,26.13
1955SV39,177,162,69,0.81,722,Strength,29,2.4,2,1,19.45
1986MX64,186,136,56,0.96,653,Strength,26.3,1.6,2,1,20.91
1970US40,167,159,64,1.49,1066,Strength,25.3,2.6,3,2,13.51
1952PA54,187,168,74,1.35,1123,Strength,26.9,3,3,2,28.44
1980JB67,169,140,64,1.2,840,Cardio,31,1.7,4,2,23.64
1986GG06,176,142,63,1.17,822,Cardio,29.4,3.3,3,1,20.71
1999IX78,188,139,62,1.42,1086,Cardio,22.3,3.6,2,1,31.94
1964GX25,165,130,60,1.44,842,Strength,25.8,1.7,3,2,14.88
1983TQ61,173,153,62,1.07,810,Yoga,22.6,3.4,4,2,31.05
1950WZ80,181,129,71,1.7,1096,Strength,15.1,2.7,5,3,26.01
1988YA20,165,129,73,0.83,482,Strength,25.4,2.6,3,1,15.07
1957DY68,185,162,58,1.48,1187,Cardio,29.1,3.6,3,2,14.36
1970LR79,198,125,59,1.43,885,Strength,23.5,3.6,3,2,34.06
1991NC79,171,155,53,1.14,875,Cardio,24.1,2.9,3,2,44.71
1958MT52,194,143,66,1.31,927,Strength,20.2,2.6,3,2,23.97
1982OY31,173,131,63,1.15,678,HIIT,27.7,1.5,3,2,21.87
1953ZY73,181,162,73,1.99,1451,Yoga,19,2.7,5,3,19.44
1986OK07,182,142,67,0.64,500,Yoga,26.2,2.1,2,1,18.33
1981FY88,166,146,60,1.41,1029,Cardio,32.5,2,3,1,22.76
1959UY66,199,164,65,1.49,1100,HIIT,29.5,2,3,2,22.51
1982UD71,184,156,50,1.13,881,Yoga,28.1,1.7,4,2,18.13
1952SS95,172,125,56,0.84,525,Cardio,29.8,2,3,1,30.26
1970AG48,180,120,59,0.67,442,Strength,23.2,2.3,3,1,19.91
1992YL64,169,125,58,1.38,949,Strength,28.4,3.4,2,1,28.69
1998BF26,168,169,74,1.56,1318,HIIT,16.5,2.7,4,3,23.81
1967IJ82,174,141,52,0.64,496,Yoga,26.6,2.5,2,1,27.52
1995VA19,161,160,71,0.9,792,Strength,21.4,3,3,1,15.61
1956KO82,184,143,72,0.57,448,Cardio,26.9,2.9,3,1,37.76
1981EX53,172,144,63,1.37,888,Strength,34.1,1.6,3,1,25.23
1991SD20,193,134,74,0.92,555,Strength,31.1,2.6,3,1,34.25
1987MD74,193,145,64,1.21,877,Yoga,30.6,2.1,3,2,17.93
1956OL75,194,127,51,0.7,440,Yoga,29.6,2.6,3,1,19.65
1986RB77,197,143,73,1.93,1380,Cardio,18.1,2.7,5,3,26.74
1999DD75,162,167,63,0.92,768,HIIT,27.6,1.7,3,1,22.26
1999HZ23,165,157,65,1.14,886,HIIT,22.9,2.6,3,2,19.69
1969YV33,178,125,56,1.88,1175,Strength,18.5,2.7,4,3,21.65
1957NP01,162,154,53,1.33,1024,Cardio,32.4,1.5,3,2,25.51
1970LF21,177,161,67,1.3,1036,HIIT,23,2.6,4,2,34.89
1995LD21,198,120,73,1.35,891,HIIT,23.5,2.9,2,1,28.43
1969BS58,168,165,54,1.42,1289,Strength,29.9,3.5,2,1,18.53
1971GB60,171,155,55,1.19,830,Cardio,26,2.3,4,2,18.67
1952BO52,164,131,56,1.6,943,HIIT,17,2.7,4,3,18.23
2000DX47,162,157,64,1.43,1123,Yoga,25.6,1.6,3,2,25.41
1973FG23,170,130,50,1,715,Yoga,28.2,2.3,4,2,32.24
1959GF37,189,131,73,1.26,817,Strength,20.9,2.7,4,2,38.73
1965UZ92,163,161,53,1.37,1103,Strength,31.7,1.7,4,2,22.98
1980NQ27,164,169,74,1.25,1056,Strength,25.6,1.5,2,1,24.13
1992FC60,160,158,50,1.03,806,Strength,26.7,3.4,3,2,29.98
1982SS01,186,126,60,1.86,1160,HIIT,14.2,3.5,5,3,34.53
1972AH54,187,130,67,0.93,598,Cardio,24,2,2,1,26.46
1954HX91,188,155,63,1.15,882,Strength,25.2,3.4,4,2,28.78
1984XO40,177,150,71,0.85,638,Strength,29,1.7,2,1,22.27
1958IJ62,171,152,60,1.37,1145,HIIT,23,3.7,3,2,23.08
1967EC60,172,132,59,1.22,725,Strength,33,2.2,2,1,15.46
1960LY51,161,137,66,1.37,845,Strength,27.7,2.4,3,2,22.18
1980IB61,196,160,53,1.5,1200,Cardio,32.2,1.6,4,2,15.59
1953RK36,175,143,73,0.73,574,Yoga,22.1,3.5,3,1,29.7
1997CT92,183,128,64,1.09,767,Strength,22.5,3.4,4,2,14.78
1966PK26,194,150,65,1.31,973,HIIT,23.4,3.1,4,2,19.74
1970HB59,181,160,70,1.9,1505,Cardio,12.9,3.5,5,3,21.8
1977LX46,195,129,62,1.24,720,HIIT,29.5,2.1,2,1,22.1
1990GA93,170,121,58,1.18,707,Cardio,27.5,3.2,2,1,19.37
1961PQ03,188,157,60,1.38,1192,Cardio,22.1,2,3,1,25.13
1960JB96,194,134,60,1.93,1293,Strength,15.1,2.7,5,3,28.49
1980RZ62,174,122,55,1.52,1020,Strength,13.9,3.5,4,3,33.04
1963IP49,190,162,50,1.23,996,Strength,33.2,2.2,4,2,24.52
1998YV64,175,150,71,1.9,1425,Yoga,15.3,2.7,4,3,22.41
1957NH59,169,125,55,1.49,838,Yoga,31.1,2.5,4,2,25.35
1957GJ22,191,122,62,1.14,626,HIIT,28.8,1.9,4,2,26.41
1989GI02,161,130,71,1.04,608,Strength,32.9,1.6,3,1,14.1
1956VQ54,183,134,73,1.2,724,Yoga,33.7,2,4,2,19.35
1953TZ69,182,164,71,0.6,492,Strength,33.5,2.4,3,1,26.33
1997BZ35,161,147,54,1.77,1301,Yoga,18.9,2.7,4,3,21.45
1952VS53,197,129,64,1,639,Yoga,22.7,2.2,3,2,36.22
1963GS55,190,157,67,1.48,1278,Cardio,28.1,2.4,4,2,29.83
1959IK40,199,166,69,1.32,1205,Strength,25.3,2.3,3,1,19.76
1957JK04,185,169,63,1.4,1171,Strength,20.5,3.4,3,1,40.45
1988NI81,188,169,64,0.5,422,Yoga,29.6,1.6,2,1,20.47
1979UP80,162,126,54,1.45,1005,Strength,29.4,3.2,2,1,20.63
1980SK29,173,134,53,0.73,440,Yoga,33.9,1.9,2,1,15.5
1987TX02,184,137,51,1.59,1198,Strength,10.5,3.5,4,3,20.66
1964XP83,160,137,56,1.28,868,Cardio,27.4,3.3,4,2,17.63
1977BW25,162,160,59,0.72,634,Strength,28.1,3.6,2,1,30.47
1958ZV13,185,143,65,0.88,566,Cardio,27.7,1.6,3,1,22.23
1955LY18,177,121,59,1.49,992,HIIT,24.7,2.5,4,2,26.95
1997LU97,168,159,67,1.25,894,Strength,32.1,2.5,4,2,17.92
1997VG15,197,139,66,1.27,883,Strength,29.4,1.8,3,2,20.05
1958BP15,182,153,70,1.98,1500,Strength,10.6,3.5,4,3,21.87
1997MR63,180,162,62,1.35,1203,Cardio,27.1,2.4,4,2,36.25
1968EH46,160,145,50,1.65,1316,Strength,14.6,3.5,5,3,20.61
1999JI93,180,126,50,1.84,1159,Strength,18.3,2.7,5,3,24.78
1997OJ50,186,157,64,1.28,995,Yoga,27.7,3.4,2,1,28.02
1986HT32,165,149,50,1.86,1247,HIIT,16.8,2.7,5,3,24.64
1968TB30,195,161,55,0.62,499,Cardio,26.8,2.7,2,1,12.67
1997GJ80,187,124,74,1.51,927,Yoga,13.2,3.5,5,3,23.59
1962TI88,176,130,62,0.69,444,Cardio,23.3,2.9,3,1,31.04
1970ZP83,199,120,50,1.93,1042,Yoga,19.3,2.7,5,3,23.27
1952PX47,162,153,54,1.54,1060,HIIT,15.6,2.7,5,3,19.69
1960QS48,171,120,58,1.74,940,Yoga,17.2,2.7,4,3,27.55
1979TD50,198,138,74,1.43,1085,Cardio,24,2.5,3,2,14.85
1984EF73,171,121,66,0.94,569,Strength,34.4,2,3,1,22.44
1981UB06,161,140,65,0.51,393,Strength,21.5,2.3,3,1,18.37
1950KG37,181,139,57,1.06,663,HIIT,25.1,2.4,4,2,23.53
1962IN56,182,142,66,1.43,914,Cardio,27.4,2.4,3,1,25.02
1977WP09,189,140,64,1.01,700,Cardio,28.2,3.5,3,2,32.7
1962TD33,164,143,73,1.39,994,Cardio,27.1,1.5,2,1,18.1
1956NX60,168,123,50,1.8,1218,HIIT,11.2,3.5,5,3,22.32
1961VG50,180,131,61,1.14,739,Strength,21.3,3,4,2,17.44
1992NZ07,170,141,54,1.98,1396,Yoga,18.6,2.7,5,3,27.68
1985HZ91,164,139,73,1.04,795,HIIT,20.7,2.4,3,1,14.59
1971CI17,194,137,55,1.8,1356,Yoga,11.7,3.5,4,3,22.41
1978MP54,186,120,74,1.58,948,Strength,16.4,2.7,5,3,24.13
1998HQ27,161,149,50,1.22,900,HIIT,25.6,2.6,3,2,21.39
1993ZA35,183,152,74,1.4,1170,Strength,27.3,3.3,4,2,41.6
1982CN08,190,143,50,1.21,952,Yoga,25.3,2.3,4,2,27.79
1974WZ60,192,133,59,0.66,395,Cardio,34.3,2.3,2,1,26.57
1958SX07,198,155,59,1.2,921,Cardio,29.5,3.1,3,2,39.3
1966IM53,189,124,52,0.88,491,Yoga,28.6,2.6,2,1,15.5
1991HV25,196,130,66,0.69,448,Cardio,32.8,2.4,2,1,30.89
1958GB44,187,143,68,0.77,545,Yoga,27.4,3.4,2,1,23.14
1968TK03,190,150,60,0.76,627,HIIT,28.9,2.9,2,1,23.53
1959EY46,170,132,67,0.85,555,HIIT,24.5,2.3,2,1,15.88
1970YQ13,182,135,51,1.2,729,HIIT,30.3,2,2,1,24.55
1979IM04,161,143,58,1.7,1203,Cardio,12.1,3.5,4,3,32.63
1950JT58,199,132,73,1.35,882,Strength,28.5,2.9,3,2,33.45
1959MX11,186,143,66,1.88,1479,Cardio,11.1,3.5,5,3,23.65
1967AX66,194,145,63,1.25,997,Cardio,22.4,3.2,3,2,37.53
1982WA51,161,121,53,0.88,586,Strength,23.7,3,3,1,18.12
1979JF88,198,135,66,1.24,753,Strength,27.3,2,4,2,23.56
1992CA00,196,157,66,1.31,926,Strength,30.6,1.8,3,2,26.36
1974JR94,180,165,61,1.13,1025,Strength,21.3,2.3,2,1,19.71
1981QZ14,164,120,69,1.47,873,Cardio,23.2,3.2,3,2,28.59
1972CD32,180,168,67,1.25,1155,Yoga,29.1,3.1,2,1,22.17
1988FF44,188,130,52,1.31,937,HIIT,24.1,3.2,4,2,34.63
1960SE82,179,154,60,1.46,1012,Yoga,32.5,1.9,4,2,26.58
1964PM12,197,162,74,0.83,740,Cardio,21.1,2.4,2,1,34.12
1976BM10,179,148,67,1.17,779,Strength,27.5,2.4,3,1,25.67
1953IQ96,184,156,53,1.18,920,HIIT,33.1,2.4,4,2,20.2
1959TJ40,161,136,66,1.41,1055,HIIT,27.6,2.8,3,2,46.9
1982BR94,191,158,67,1.31,931,Yoga,28.9,2.2,3,1,28.88
1971SL61,185,161,54,1.62,1304,Cardio,19.8,2.7,5,3,26.05
1964AC04,165,147,63,0.7,463,Cardio,34.1,1.9,2,1,19.1
1996JY52,162,148,59,1.33,886,Cardio,34.6,2.3,3,2,15.5
1990GC55,192,162,64,1.82,1622,HIIT,12.1,3.5,4,3,33.2
1953CG66,160,122,50,1.09,658,Yoga,22,3.4,3,1,35.51
1978UW54,164,129,65,0.86,499,HIIT,31.3,2.3,3,1,26.52
1965OC59,172,161,60,1.21,964,HIIT,26.8,2.9,2,1,21.27
1989CF56,178,133,72,0.97,710,Strength,21.3,2.8,3,1,18.29
1958GU37,171,131,69,0.97,699,Yoga,27.9,3.1,3,1,26.69
1988SS50,184,166,55,1.05,959,Strength,20.2,3.2,3,2,32.66
1951GO87,194,161,73,0.91,725,Cardio,24.8,2.9,2,1,18.39
1990MX36,171,149,71,1.34,898,HIIT,28.3,2.2,3,2,21.26
2000YW53,189,151,65,1.54,1151,Yoga,13.7,3.5,5,3,26.01
1974WO23,164,151,51,1.66,1379,Cardio,11.6,3.5,5,3,27.61
1986YI39,193,161,50,1.36,1084,Yoga,28.3,2.2,4,2,31.3
2000NY31,181,151,73,0.74,615,HIIT,25.9,3.6,3,1,18.35
1970NR25,198,145,73,1.1,718,Yoga,32.9,2.4,4,2,30.51
1978KW23,172,120,58,1.07,642,Cardio,34.9,1.9,4,2,19.91
1954VR00,162,161,71,1.27,920,Strength,31.8,2.2,4,2,25.05
1959BJ72,179,121,61,1.41,768,HIIT,34.8,1.6,3,1,16.8
1995BY32,190,136,66,1.7,1144,Strength,10.1,3.5,5,3,26.39
2000AK57,164,149,74,1.06,711,HIIT,28.4,1.5,4,2,15.43
1987HY43,183,158,64,0.84,730,Cardio,21.1,2.4,2,1,27.23
1998TE91,199,126,68,0.66,412,HIIT,22.6,3.2,2,1,32.69
1952DQ59,192,146,71,1.29,932,Strength,28.4,3.4,4,2,24.31
1955LD48,167,128,59,1.87,1185,HIIT,10.2,3.5,5,3,23.33
1983UU30,183,141,61,1.22,946,Cardio,25.2,3,3,2,17.03
1982ZN55,179,153,63,1.28,881,HIIT,30.7,2.1,3,2,20.75
1977TX54,175,165,58,1.38,1025,Strength,30.6,2,2,1,20.71
1987DT37,171,168,62,1.08,907,Cardio,29.8,1.7,4,2,23.22
1989TC80,172,120,52,1.3,780,Strength,32.9,1.6,3,2,25.22
1956WR54,198,128,70,0.87,612,HIIT,21.3,3.3,2,1,20.1
1964OG63,184,139,63,0.61,382,Yoga,28.1,2.6,2,1,14.87
1994BE57,191,138,70,1.48,1011,Strength,26.2,2.8,4,2,21.63
1973QM07,183,155,59,1.08,753,HIIT,31.9,2.3,3,1,17.93
1980OH67,168,159,65,1.44,1133,Yoga,24,3.6,3,2,26.32
1979KN54,199,164,56,0.81,731,Yoga,28.8,2.2,2,1,25.11
1976UJ07,182,123,53,0.97,597,Cardio,29.2,2.4,2,1,22.56
1995DU87,172,128,69,1.37,868,Yoga,24,3,2,1,16.25
1974OI87,191,160,72,1.96,1725,Strength,10.2,3.5,5,3,26.02
1956XK91,174,141,74,1.85,1304,Strength,17.8,2.7,4,3,22.28
1969SV66,195,137,60,1.98,1492,Yoga,13.5,3.5,5,3,24.16
1970TJ05,164,131,65,1.41,831,HIIT,26.1,2.2,4,2,28.35
1990GK78,181,161,69,0.85,684,Strength,28.1,1.9,2,1,22.86
1979WQ03,175,162,53,1.28,933,Strength,32.8,2.3,4,2,26.19
1988GG77,169,158,71,1.38,1199,Cardio,23.7,3.4,4,2,33.17
1979YP00,183,128,71,1.66,1169,HIIT,11.2,3.5,4,3,31.63
1971MT98,177,125,72,0.93,639,Yoga,26.7,2.2,2,1,26.75
1976OM39,177,138,66,1.42,980,HIIT,27,2.1,3,2,27.82
1967SE02,166,167,62,1.29,1066,Cardio,29,2.2,3,1,20.38
1960WO73,163,166,60,1.1,913,Cardio,26.1,2.5,2,1,17.7
1976FK03,185,126,52,1.37,777,HIIT,32.1,2.1,4,2,24.91
1953LF85,164,135,58,1.02,757,Cardio,25,3.4,4,2,42.3
1975LM40,175,124,55,0.9,558,Cardio,33.7,1.9,3,1,21.16
1969KR85,194,135,71,0.52,386,Cardio,21.3,2.2,2,1,27.84
1964LD31,185,120,70,1.34,796,HIIT,26.8,2.1,4,2,25.98
1995YY72,177,156,60,1.29,1107,Cardio,25.7,2.5,4,2,32.51
1984LK15,188,158,65,1.68,1314,Yoga,12.4,3.5,4,3,23.73
1964OM23,182,138,68,1.74,1321,Yoga,12.5,3.5,5,3,27.59
1985KL25,173,156,54,1.37,962,Strength,32.2,1.8,3,2,17.6
1988RB57,174,136,63,0.61,415,Yoga,34.4,2.2,2,1,23.87
1990ND32,192,145,66,1.15,834,Strength,25.9,1.5,4,2,23.95
1952GU48,184,141,52,1.01,705,HIIT,20.2,2.9,4,2,31.84
1984BV24,180,127,53,0.72,453,Cardio,28.1,2.7,3,1,21.16
1984PV45,176,152,65,1.77,1332,Yoga,10.5,3.5,5,3,31.53
1977QH27,182,121,65,1.46,883,Strength,34.9,2.2,3,1,13.78
1987HJ06,176,149,70,1.9,1401,HIIT,13.1,3.5,5,3,25.33
1985LI26,173,166,74,1.45,1204,Strength,31.5,2.3,3,2,34.06
1989WJ80,188,139,53,1.27,794,Cardio,27,2.3,4,2,28.52
1983JC22,179,137,68,1.13,851,Yoga,22.4,3.7,4,2,20.86
1986FL97,189,162,66,1.83,1467,HIIT,13.3,3.5,5,3,21.07
1969BR71,178,129,62,1.1,710,Strength,34.1,1.7,3,2,24.37
1998FQ95,198,143,71,1.03,810,HIIT,29.8,2.7,4,2,21.04
1981ED98,172,123,72,1.48,910,Strength,27,2,3,1,23.76
1966VR29,177,156,73,1.17,1004,Strength,21.3,2.7,3,2,23.84
1958TM06,182,123,50,1.34,907,Cardio,20.6,3.1,2,1,30.76
1969TR41,192,132,61,1.37,904,Cardio,33.7,2.1,4,2,30.4
1964AH70,198,144,53,1.36,969,Strength,22.9,2.9,4,2,18.35
1982WE72,199,132,60,1.25,825,Yoga,25,2,3,2,26.4
1975XM14,177,137,54,1.27,957,HIIT,22.2,3.7,3,1,31.08
1964LJ40,168,143,51,0.92,592,HIIT,28.4,2.6,3,1,26.79
1996KN96,192,121,66,1.17,637,Cardio,34.9,1.9,3,2,25.05
1979BY19,191,167,57,1.02,937,Yoga,25.2,2.2,2,1,30.89
1982NG33,176,152,55,1.4,958,Strength,27,2.5,2,1,26.16
1952QC62,178,138,70,0.61,463,Cardio,23.3,3.7,3,1,16.27
1950XA47,186,128,58,1.91,1345,Strength,11.7,3.5,5,3,23.88
1950XR22,165,147,62,1.16,844,Strength,20.2,2.5,4,2,21.05
1977UJ58,194,154,60,0.97,672,Cardio,26.4,1.9,3,1,25.55
1986AE69,196,158,65,1.08,768,Yoga,32,2.6,3,1,25.49
1966IP89,193,129,65,1.37,972,HIIT,21.2,3.2,3,1,27.69
1967PM96,179,120,51,1.04,686,Cardio,22.3,2.5,3,2,36.01
1984KP91,184,161,59,1.42,1143,Yoga,28.5,2.2,3,2,27.18
1972ZD60,163,140,61,0.77,593,Strength,27.6,3.6,2,1,23.88
1987ZF86,169,128,57,0.67,472,Cardio,25.8,3.4,2,1,24.09
1959NT48,169,166,60,1.29,1071,HIIT,31.9,2.4,2,1,21.34
1969BR12,183,134,59,1.32,876,HIIT,25.7,3.3,3,2,20.2
1960ST21,180,154,62,1.14,878,Strength,31.8,1.7,3,2,28.03
1982SK22,170,124,74,0.54,331,Cardio,20,3.4,3,1,22.96
1970PN31,186,160,66,1.34,1072,HIIT,34.3,1.8,2,1,26.16
1970LP41,175,141,56,1.36,949,Cardio,21.1,3.6,3,1,33.21
1993OF64,185,160,73,1.87,1646,HIIT,12,3.5,5,3,30.09
1992MK12,189,142,52,1.45,927,Strength,32.7,1.9,2,1,27.12
1998RT81,175,126,69,1.35,842,Strength,24.4,3.5,4,2,36.46
1967NA97,166,142,62,1.26,895,Cardio,34.5,1.8,4,2,21.23
1961WM42,175,163,68,1.03,831,Yoga,24.7,2.9,3,1,17.32
1988CF28,194,144,56,1.23,886,Yoga,33.7,1.6,3,1,17.25
1969IR85,175,146,58,1.29,848,Strength,33.1,2.3,2,1,17.51
1992MI45,199,160,68,1.27,1016,HIIT,34.8,2.5,3,2,24.26
1975XH62,171,125,62,1.03,644,Yoga,34.3,2.4,4,2,28.93
1984KJ33,194,153,71,1.08,818,Strength,29,2.9,4,2,14.85
1988QT00,180,128,57,1.36,957,HIIT,27.3,2.1,4,2,24.35
1960IN51,195,168,71,1.47,1111,HIIT,28.7,2.6,2,1,16.5
1960HF97,176,152,67,1.56,1186,Yoga,15.5,2.7,4,3,17.85
1968SE83,191,125,72,1.38,776,Strength,31.9,2.3,4,2,17.82
1970XI07,165,156,51,0.68,525,HIIT,29.8,3.3,3,1,13.81
1989BB25,183,150,67,1.83,1510,HIIT,13.6,3.5,4,3,21.66
1982SC17,186,153,67,1.01,850,Cardio,29.3,3.4,3,2,40.26
1972IK73,179,160,60,1.24,1091,Cardio,28,3.3,4,2,30.4
1993JP82,184,148,50,1.14,759,Yoga,26.6,2,4,2,23.84
1967AY41,161,133,63,1.76,1053,Cardio,16.2,2.7,5,3,20.62
1971PN10,168,155,65,1.41,983,Strength,28.4,2.4,4,2,18.24
1975MW99,187,155,60,0.69,529,Yoga,21.7,3.1,3,1,43.4
1971XL28,197,134,50,0.89,656,Yoga,25.8,3.5,2,1,29.46
1960SE18,162,127,56,1.83,1150,Cardio,14.9,3.5,4,3,22.15
1953CP46,179,145,65,1.25,906,HIIT,32.6,2.5,3,1,21.8
1954SK57,165,155,63,1.06,822,Strength,29.2,1.5,3,1,23.78
1993DF15,198,167,64,1.03,946,Strength,20,2.6,4,2,15.49
1969JF71,192,140,63,1.46,1022,Strength,28.1,1.5,4,2,25.57
1987BE40,160,147,70,1.14,830,Yoga,25.3,2.2,3,2,20.7
1961IV65,196,123,60,1.87,1139,Strength,11.6,3.5,5,3,31.75
1959IP25,165,135,65,1.36,826,HIIT,26.1,2.2,3,1,24.72
1988MH01,193,141,68,0.84,651,HIIT,24.4,3.5,3,1,41.84
1956SQ15,174,131,66,0.54,354,Cardio,27.5,1.6,2,1,25.73
1993ER97,185,135,55,1.78,1322,Strength,14.5,3.5,5,3,25.01
1954DX43,173,159,60,1.03,737,Yoga,26,2,4,2,26.43
1992HZ62,166,157,66,0.59,463,Cardio,25.5,2.6,2,1,19.51
1977GZ91,190,161,58,1.67,1344,HIIT,15,2.7,5,3,23.56
1956UD47,183,156,67,1.81,1398,Strength,11.6,3.5,5,3,28.12
1992VY98,190,148,66,1.73,1408,HIIT,13.3,3.5,5,3,24.31
1966RG79,188,137,61,1.71,1171,Cardio,18.7,2.7,4,3,20.29
1992TQ51,191,129,72,1.25,806,HIIT,29.5,2.5,3,1,19.49
1977UJ93,176,161,71,1.42,1257,Strength,26.8,2.9,4,2,15.75
1980NQ22,173,158,71,1.06,921,Strength,23.6,3.3,4,2,37.11
1957WQ08,199,137,54,1.75,1319,Cardio,13.3,3.5,5,3,24.64
1992GR46,195,120,60,1.19,714,Strength,25.4,2.1,4,2,27.57
1986GP42,183,158,53,1.29,1009,HIIT,23.9,2.3,4,2,23.94
1991CR12,186,140,53,1.4,1078,HIIT,27.9,2.2,3,2,33.5
1966BU68,184,120,52,0.55,330,Yoga,33,1.7,2,1,32.34
1995PQ69,191,134,73,1.19,789,Yoga,27.2,2.6,4,2,24.76
1999LC15,177,123,72,1.52,1028,Yoga,11,3.5,4,3,25.15
1991WU18,177,139,74,1.97,1355,HIIT,11.2,3.5,5,3,30.05
1971SZ87,196,129,66,0.76,441,HIIT,35,2.6,3,1,23.17
2000OI74,185,142,56,0.89,632,Cardio,26,2.5,2,1,16.14
1951WO81,168,160,53,0.95,684,Yoga,26.8,2,3,1,20.14
1982SA11,194,153,72,1.17,806,HIIT,26.3,2.1,4,2,30.59
1953OF34,167,165,62,1.67,1240,Cardio,16.6,2.7,5,3,18.44
1969IS53,179,167,61,1.12,935,HIIT,27.1,1.8,3,1,22.02
1958RN68,181,152,50,1.18,807,Cardio,30,2.3,4,2,24.28
1980WF46,178,153,70,1.7,1287,Yoga,12.4,3.5,5,3,27.35
1960QX28,189,158,68,1.48,1158,Yoga,29,3.4,3,2,27.92
1961AC09,187,129,70,1.28,743,Yoga,25.3,1.8,4,2,16.53
1975XR78,194,139,69,1.3,894,HIIT,23.2,2.1,3,2,17.65
1951HC02,170,120,67,1.26,748,HIIT,26,3.1,4,2,27.94
1996PO57,190,132,60,1.13,746,Cardio,31,2.2,3,1,23.46
1967VL15,198,120,69,1.15,759,Strength,24.8,2.7,3,2,15.23
1973QW16,195,124,52,1.38,847,Strength,28.2,3.1,4,2,15.42
1996SO24,189,135,66,1.58,1173,Yoga,10.3,3.5,5,3,23.35
1983YR59,182,134,61,1.46,1076,Strength,28.2,2.9,4,2,35.79
1956YC09,178,168,59,1.06,881,Yoga,24.9,2.4,3,2,31.14
1965MA53,171,147,57,1.41,933,Cardio,26.3,2,3,1,16.19
1963UV98,174,150,64,1.08,810,Strength,33.9,2,3,2,17.01
1968RN97,190,142,54,0.75,479,Strength,31.5,2.6,3,1,35.04
1971KQ53,196,167,53,0.72,661,Yoga,21.6,3.6,2,1,35.44
1981DS19,196,164,70,1.28,1050,Cardio,25.3,2.6,4,2,29.34
1986FJ29,174,162,69,1.88,1675,Strength,10.7,3.5,5,3,33.72
1974YV76,188,136,68,0.52,350,Strength,26.1,3.2,3,1,27.66
1950AP40,185,168,70,1.27,1173,Strength,21.8,3,4,2,34.34
1953FU70,161,153,53,1.8,1515,Cardio,11.1,3.5,4,3,22.57
1978KD27,179,132,64,0.51,303,Cardio,25.3,2.3,3,1,16.54
1968AA00,174,133,66,1.47,978,Strength,32.2,2.6,3,2,17.59
1981MB25,163,130,61,1.17,753,Yoga,28.1,2.4,4,2,20.13
1981HH90,181,147,52,1.29,948,Yoga,33,2.1,3,2,21.66
1998TZ66,197,161,59,1.3,1151,Strength,21.3,3.2,3,1,21.48
1966DY09,182,151,64,1.38,938,Cardio,34,2.3,2,1,26.36
1970TT19,185,154,59,1.1,847,Strength,31.7,1.8,3,2,29.62
1953JZ83,170,150,73,1.31,1081,Cardio,29,3,4,2,18.64
1977XY05,187,136,72,0.82,502,Strength,29.5,2.5,2,1,21
1982CV25,161,166,67,1.1,904,Cardio,24.4,2.8,3,2,23.8
1998ZT21,167,128,50,1.17,749,HIIT,32.8,2.5,2,1,19.41
1968VS83,188,129,52,1.34,856,Yoga,20.9,2.6,4,2,38.5
1970ON90,170,127,70,1.13,789,HIIT,25.2,3.6,2,1,17.06
1953RP43,196,140,61,1.88,1184,Yoga,19.2,2.7,5,3,22.07
1987CA44,177,132,50,0.71,422,Cardio,33.3,2.1,2,1,31.05
1996VQ34,173,169,52,1.12,937,HIIT,29.6,3,3,1,16.23
1958MG78,169,124,52,1.5,837,Yoga,32,1.5,2,1,18.68
1969PA16,194,125,54,0.97,606,Strength,27.1,1.7,2,1,30.44
2000GI55,168,149,68,1.72,1410,Cardio,10.1,3.5,4,3,26.48
1993PO86,194,150,74,1.6,1320,Cardio,12.4,3.5,4,3,23.78
1998BI10,170,136,50,1.45,887,Strength,30.1,2.3,2,1,18.7
1955EB45,171,130,53,1.38,987,Strength,22.4,2.7,4,2,16.41
1970OS35,162,139,53,1.42,1086,Yoga,21.2,2.9,4,2,19.06
1969OJ69,198,167,66,1.51,1248,Cardio,12.9,3.5,4,3,25.73
1976HG93,173,128,63,1,640,Yoga,32.6,1.6,3,2,19.71
1996JS77,187,121,67,1.32,719,Strength,34.9,2.5,3,1,21.8
1963IQ34,170,156,50,1.02,875,Cardio,27.6,3.3,4,2,29.49
1997IQ58,198,120,71,1.27,762,Strength,32.9,1.7,3,2,19.09
1950HG74,184,123,65,1.13,688,Yoga,26.2,3.1,3,1,29.1
1967VC19,180,155,52,1.41,983,Yoga,34.9,2.5,4,2,29.17
1974ZU03,169,144,72,1.48,1172,Yoga,26.4,3.1,2,1,19.01
1965XY51,174,122,70,1.38,926,Cardio,28.6,2.5,4,2,33.33
1969YP66,178,128,58,0.99,634,Strength,34.5,2.3,3,1,19.36
1988SL32,181,141,72,1.18,915,Strength,29.3,2.4,4,2,20.11
1969HC51,180,142,53,1.21,859,Yoga,28.8,1.9,4,2,21.99
1953GJ07,191,131,70,1.17,766,Yoga,25.8,1.8,3,2,19.45
1951PX31,182,129,54,1.13,802,Yoga,21.7,2.9,3,1,19.73
1955XX96,172,153,60,1.46,1229,Yoga,20.6,2.2,3,2,45.14
1995PA62,164,162,70,1.02,826,HIIT,26.1,2.6,4,2,22.48
1964DJ11,163,129,58,1.37,972,HIIT,21.8,2.6,3,2,25.03
1950BA12,187,149,52,1.2,983,HIIT,23.4,2.4,3,2,19.47
1984DO97,173,141,55,1.14,796,Yoga,25.4,2.8,4,2,22.14
1966TV50,167,125,73,1.98,1225,Yoga,13.6,3.5,5,3,24.31
1978ZG00,168,169,60,1.14,954,Strength,22.1,2.5,2,1,20.76
1958KX26,194,121,58,1.67,909,Cardio,18.4,2.7,5,3,23.81
1982YZ56,196,149,64,1.19,798,Strength,32,2.1,3,2,28.88
1955VK46,180,121,72,1.13,752,HIIT,25.6,2.6,3,1,31.26
1991RI14,177,151,52,1.37,1024,Strength,29,2.2,2,1,33.97
1998KH14,192,161,50,1.24,988,Yoga,21.1,2.5,3,1,20.83
1987MB23,167,135,69,1.11,674,HIIT,26.8,2,4,2,23.37
1959LN77,176,131,71,1.14,821,HIIT,24.3,2.1,3,2,24.52
1958KX85,190,120,68,1.2,720,Cardio,26.3,2.4,4,2,29.89
1980NR03,193,127,63,1.07,679,Cardio,30.7,2.2,3,2,27.14
1974TT01,165,167,66,1.37,1144,HIIT,29,2.2,4,2,15.72
1951KO65,181,169,71,1.42,1188,HIIT,22.8,2.9,3,1,22.64
1963RS65,173,132,63,0.8,475,Strength,26.7,2.2,3,1,12.91
1956BB21,162,134,66,1.18,870,HIIT,23.4,3.6,4,2,32.84
1954RR00,171,163,74,0.85,693,Yoga,31.1,1.5,3,1,29.14
1980YR62,195,127,63,1.45,1013,Strength,25.8,2.1,3,1,27.74
1981EA67,171,129,61,1.29,749,Yoga,26.6,1.7,4,2,16.09
1972TZ82,161,165,65,1.34,1216,Yoga,21.2,2.3,4,2,46.98
1986SV40,161,124,50,1.8,1116,Yoga,15.1,2.7,5,3,23.79
1974JI46,174,169,62,1.9,1766,HIIT,10.1,3.5,5,3,21.45
1963SY46,182,138,55,1.35,1025,Cardio,28.8,2.3,4,2,26.47
2000IH29,188,166,66,1.29,1060,Cardio,20.5,3.1,3,2,39.77
1988KK59,176,157,61,1,777,Yoga,27.3,2.8,3,2,27.58
2000ML61,191,130,72,1.07,626,HIIT,33.7,2.7,4,2,19.72
1995BL10,166,162,68,0.54,394,Strength,26,1.8,3,1,26.98
1976EG06,189,139,55,1.38,950,Yoga,24.4,2.5,3,2,41.34
1963SO53,187,139,56,1.71,1188,Strength,19.8,2.7,5,3,22.72
1972GQ80,173,140,50,1.36,942,Strength,28.3,3.7,3,1,22.81
1953MX14,189,137,50,1.36,1025,HIIT,24.9,3.4,3,2,25.33
1995GN09,176,169,54,1.27,966,HIIT,32.6,2.1,4,2,22.19
1988WM38,191,129,55,1.36,868,Cardio,28.3,2.9,2,1,19.02
1957IB71,165,153,65,1.44,1091,Cardio,23.5,3.4,3,1,28.97
1955BD12,183,145,74,0.89,581,HIIT,33.9,2.1,3,1,30.63
1996MY58,165,149,65,1.26,929,Yoga,24.7,2.4,3,1,14.87
1999RP37,186,128,63,0.58,408,Cardio,25.3,3.4,2,1,24.84
1963SJ72,177,165,50,2,1634,Strength,15,3.5,4,3,32.42
1991QM70,183,150,62,0.57,423,Yoga,28.4,2.9,3,1,33.07
1991PL31,196,161,69,1.02,821,Strength,28.6,1.7,3,2,18.09
1965UV64,183,123,59,1.38,849,HIIT,25.1,2.1,3,1,27.47
1975SG47,197,125,73,1.61,906,Strength,18.1,2.7,4,3,26.35
1980MH42,193,133,59,1.06,775,Yoga,27,2.7,3,1,38.76
1991TO57,199,123,58,1.41,954,HIIT,26.5,3.5,3,2,30.64
1969VY67,174,145,62,1.76,1276,Yoga,19.8,2.7,5,3,24.5
1971PJ84,170,166,52,1.75,1598,Strength,14.3,3.5,4,3,31.13
1954FY37,181,167,67,1.36,1249,Yoga,24.5,2.2,2,1,35.19
1991VD96,183,158,69,1.81,1573,HIIT,10.3,3.5,5,3,30.74
1974LE27,160,136,51,1.06,714,Strength,24.8,3.5,4,2,28.66
1952NZ18,177,138,66,1.36,938,Strength,31.9,2.1,4,2,27.16
1994DJ73,171,168,68,0.97,733,Cardio,31.1,2,2,1,30.96
1982PE25,187,125,72,0.51,319,Cardio,30.4,1.7,2,1,22.32
2000TS11,199,148,62,1.17,952,Yoga,24.7,3.2,3,2,19.13
1975WB36,166,130,62,1.41,916,Cardio,27.9,2.6,4,2,24.87
1981MQ25,182,135,50,1.49,1006,Cardio,27.8,2,3,2,27.88
1971YX49,180,149,51,1.16,951,Cardio,25,2.4,4,2,17.4
1968TZ94,193,144,50,1.45,1148,Cardio,21.6,2.9,3,2,12.85
1990ZY65,170,159,73,0.75,537,HIIT,28.4,2.5,3,1,23.88
1968TR74,181,130,54,1.49,968,HIIT,28.2,1.5,3,2,31.49
1955JK62,194,126,73,1.02,643,Cardio,30.9,2.3,2,1,23.2
1967JN52,188,145,52,1.36,986,Yoga,25.7,2.2,3,2,23.11
1996SB86,187,141,56,1.32,1024,HIIT,28.3,2.5,3,2,19.92
1993DP34,177,144,73,1.52,985,Cardio,17.8,2.7,5,3,26.46
1976LX45,173,138,71,0.55,380,HIIT,31.7,2,2,1,17.33
1951XP96,177,150,62,0.63,468,Strength,27,2.4,3,1,18.7
1981TM09,187,145,72,0.91,660,HIIT,27.9,2.4,2,1,16.48
1982DL65,183,161,67,0.93,741,HIIT,24.7,3.1,3,1,14.6
1980FX01,167,160,73,0.79,695,Yoga,29.6,2.9,2,1,25.62
1976PB65,167,155,70,1.51,1159,HIIT,13.8,3.5,5,3,25.75
1950AC41,163,142,56,1.11,709,Yoga,34.7,2,3,1,22.22
1961HZ96,186,166,50,0.93,695,Strength,32.5,1.8,3,1,25.17
1985HF77,195,132,54,1.49,1082,Cardio,21.8,3.4,3,2,32.73
1997WY30,164,144,66,1.19,857,Yoga,25.6,2,4,2,30.43
1999WQ95,192,121,57,1.45,877,HIIT,30.8,2.1,4,2,16.56
1973YX19,193,121,64,0.84,559,HIIT,23.6,2.9,2,1,32.74
1952HX89,189,135,69,1.47,982,Yoga,22.8,2.8,3,2,20.83
1982YY38,167,128,53,1.46,841,Strength,33.1,1.8,3,1,24.19
1952SE61,198,147,51,0.55,445,Cardio,23.7,2.2,2,1,20.29
1990HI84,185,132,54,1.64,1082,HIIT,16.6,2.7,5,3,23.71
1976DR48,196,154,50,0.76,585,Strength,33.5,1.6,3,1,18.52
1985GD93,193,160,74,1.29,1032,Cardio,33.5,2.4,3,2,18.68
1962MJ63,166,132,54,1.48,977,Cardio,28.6,1.8,4,2,15.14
1971GB90,199,150,55,0.9,668,HIIT,28.3,2.1,2,1,30.49
1997SR64,187,140,51,1.79,1378,Yoga,14.3,3.5,4,3,28.7
1994QV63,198,151,50,1.08,807,HIIT,24.2,3.4,3,1,30.55
1960QR77,198,153,53,1.22,924,HIIT,20.7,2.3,3,2,21.67
1959JQ00,187,127,56,1.72,1092,HIIT,15,2.7,4,3,19.31
1991WT86,173,160,71,1.03,742,Strength,30.2,2.3,4,2,18.19
1955UW28,197,167,50,1.66,1372,Yoga,11.7,3.5,5,3,22.31
1956LU21,163,121,50,1.37,829,Strength,35,1.9,2,1,26.1
1958QB93,177,157,57,1.48,1046,HIIT,32.7,1.7,4,2,21.16
1976SG94,184,151,69,0.89,672,Yoga,32.6,2,2,1,21.87
1967MO65,166,159,65,1.29,1015,Cardio,29.6,2,3,2,12.32
1966HC38,197,147,70,1.9,1536,Yoga,14.4,3.5,4,3,32.72
1974AB49,187,156,62,1.31,1012,HIIT,23.2,3.4,2,1,29.34
1954CA79,164,160,72,1.34,965,Yoga,26.7,2.1,3,2,13.95
1976QE01,162,120,73,0.66,436,Cardio,27.5,2.2,3,1,23.79
1996ZE50,190,160,72,1.47,1294,Cardio,23.8,2.4,4,2,26.48
1973LQ98,179,129,67,1.01,645,Yoga,24.7,2.8,3,2,13.82
1954UW03,178,123,69,1.77,1197,Cardio,13.2,3.5,4,3,31.71
1994WA01,170,154,59,1.35,1143,Strength,29.1,2.3,4,2,17.83
1982EG66,199,129,61,0.71,504,Yoga,24.2,2.5,2,1,17.91
1955IL09,162,166,50,0.79,590,Cardio,32.8,2.1,3,1,22.44
1977GR87,182,130,59,0.74,433,Cardio,27.7,2.5,2,1,15.73
1979SX01,166,133,58,0.91,666,Yoga,27,2.7,2,1,26.99
1983RT85,182,157,52,0.56,484,Strength,20,3.2,2,1,18.79
1951MF54,166,131,68,1.93,1138,Yoga,19.4,2.7,4,3,23.01
1956RG98,193,164,58,1.42,1164,Cardio,25.3,2.6,4,2,17.4
1971QA60,178,136,59,1.11,747,Yoga,27.1,2.4,3,2,19.86
1975JQ24,168,135,68,0.6,446,Cardio,20.5,3.4,2,1,20.27
1963ZV18,177,154,65,1.76,1491,HIIT,11.3,3.5,4,3,27.53
1963HL63,184,121,73,1.33,885,Yoga,25,3.3,3,2,24.42
1970IG69,173,130,67,0.87,566,Yoga,29.2,1.9,3,1,28.2
1987WT55,184,160,63,1.41,1241,Cardio,21.9,3.7,4,2,23.64
1965SI83,178,122,52,1.19,719,Cardio,23.3,2.4,3,2,26.43
1973OL87,198,148,51,0.53,388,Cardio,27.3,2.4,2,1,40.79
1956NH51,174,137,50,1.39,1047,Cardio,26.7,3.3,3,2,21
1981IN79,175,139,67,1.17,732,Yoga,25.7,2,4,2,27.78
1969MG96,186,166,73,1.08,807,Cardio,32.5,1.9,2,1,23.1
1999NF46,199,133,58,1.67,999,Yoga,15.3,2.7,4,3,27.11
1991QA34,169,153,62,1.62,1363,Strength,12.7,3.5,5,3,25.54
1955EL64,163,168,51,1.38,1148,Yoga,22.6,2.3,3,2,34.8
1966CA97,178,150,56,1.13,847,Cardio,30.9,2.4,4,2,22.48
1965XL55,187,159,65,1.09,858,Cardio,22.6,3.3,3,2,16.97
1971OU63,180,161,70,1.26,1116,Strength,29.8,3,3,2,38.49
2000QC34,173,137,68,1.42,875,Yoga,28.1,2.6,4,2,29.69
1999IC05,192,149,74,1.07,717,Strength,27.4,1.9,3,1,24.22
1993LY92,169,144,64,1.33,958,Yoga,27.8,1.8,4,2,20.36
1955HR61,178,138,71,1.78,1228,Cardio,19.5,2.7,4,3,26.66
1956UO48,189,127,60,1.23,859,Yoga,26.4,3.2,4,2,22.67
1972YT36,181,147,50,1.22,888,Cardio,27.3,3.3,2,1,21.29
1973XB04,162,127,70,1.19,756,Cardio,34.2,1.8,3,2,25.72
1994NM51,196,150,56,0.96,792,HIIT,29.1,2.1,3,1,26.54
1991UA57,177,122,69,1.08,659,HIIT,32.4,2.5,2,1,17.05
1988CH66,170,122,57,0.74,406,Yoga,27,2.7,2,1,19.55
1993LX30,161,163,59,1.1,986,Cardio,28.4,3.1,2,1,37.98
1974LL21,171,141,54,1.12,711,Strength,27,1.8,4,2,23.23
1959VF84,165,136,58,1.35,1010,Cardio,27.4,3.7,4,2,15.65
1956DA42,199,155,74,1.47,1128,Strength,26.9,3.5,2,1,15.51
1964UV41,188,136,74,1.94,1451,Yoga,13.8,3.5,4,3,21.49
1997XO42,189,133,50,1.76,1159,Yoga,12.7,3.5,5,3,29.97
1999HN44,161,128,51,1.63,1043,Strength,18.2,2.7,5,3,20.28
1964AV09,168,149,68,1.24,915,Strength,29.5,2.9,3,1,44.26
1966IA42,161,140,63,1.05,662,Cardio,26,2.5,4,2,23.8
1959MT50,188,131,69,1.69,996,Yoga,16.5,2.7,4,3,22.48
1992FE58,192,156,59,1.37,1069,Cardio,31.1,2.5,3,2,24.84
1971YJ61,169,151,58,0.99,673,Strength,34.6,2.6,2,1,25.44
1971OG79,193,130,59,1.21,779,HIIT,21,3.4,2,1,32.75
1978VO77,167,139,55,1.15,879,HIIT,20.2,3.1,4,2,28.78
1950XR71,196,154,66,1.76,1220,HIIT,15.3,2.7,5,3,18.45
1998XA71,192,166,74,1.22,911,Strength,25.5,2.2,4,2,20.11
1975IQ58,165,165,55,1.32,1198,Cardio,29.1,2.8,4,2,26.68
1963FD55,199,130,53,0.74,481,Yoga,32.2,2.3,2,1,30.68
1958JE18,178,127,69,1,698,Strength,26.8,3.4,4,2,36.45
1951TG21,191,123,52,1.8,1107,HIIT,17.6,2.7,4,3,23.77
1966IZ65,186,146,72,1,803,Cardio,27.8,3.6,2,1,31.31
1981TO23,160,163,68,1.03,756,Yoga,26.6,2.1,4,2,16.66
1968FN04,192,159,67,1.99,1582,Yoga,17,2.7,5,3,17.2
1973GD67,199,157,73,0.71,552,Strength,24.9,3,2,1,41.03
1979ZQ35,191,166,53,1.34,1001,Strength,26.1,2,4,2,26.99
1994EC07,164,149,57,1.34,898,Yoga,29.2,2.3,3,1,22.06
1984RV26,176,163,66,1.15,1031,Yoga,23.2,3.1,4,2,40.52
1995VK89,167,167,54,1.07,893,HIIT,25.4,1.5,3,2,28.56
1988UH04,193,167,62,1.06,876,Yoga,21.4,2.9,4,2,49.84
1967KR41,168,146,74,1.1,795,Strength,27.6,2.2,3,2,27.84
1994AH31,182,140,50,0.72,454,Cardio,25.2,1.5,3,1,28.46
1996BL71,194,139,62,1.77,1107,HIIT,19.7,2.7,4,3,26.81
1971KU86,166,123,53,1.04,576,HIIT,25.9,2.4,4,2,26.33
1991OF64,174,130,71,0.74,433,Yoga,33,1.8,3,1,18.98
1965PJ89,179,132,73,1.38,911,Cardio,34,1.9,4,2,23.6
1992VE28,184,128,63,1.35,864,HIIT,34.4,1.6,4,2,17.61
1972ZV95,162,123,52,1.01,621,Strength,33.7,1.7,2,1,22.44
1985OR11,183,131,54,1.7,1102,Yoga,11.4,3.5,4,3,26.08
1999WQ32,193,128,56,1.94,1242,Strength,16.7,2.7,5,3,24.89
1959SR91,181,132,50,1.3,944,Yoga,24.3,3.3,2,1,29.89
1987OQ57,170,167,72,1.65,1378,HIIT,15.7,2.7,4,3,22.96
1988FZ20,167,145,61,0.82,594,Yoga,25.2,2.1,3,1,13.36
1956HV12,198,157,60,0.77,598,Cardio,28.7,3.5,2,1,46.94
1959IH60,194,161,73,1.28,927,Strength,30.5,2,2,1,15.92
1951EX39,197,132,57,1.87,1234,Cardio,18,2.7,5,3,24.2
1976HQ72,167,158,74,1.18,1025,Strength,29.3,2.5,3,2,18.79
1953WP16,196,147,55,0.68,500,Strength,31.7,1.9,2,1,24.01
1956ZQ84,186,138,71,1.03,711,Yoga,31.9,2.4,3,2,14.74
1985ZR24,187,143,51,1.5,965,HIIT,32.9,2.2,3,2,13.38
1953ZG60,199,138,68,0.91,691,HIIT,21.2,3.5,2,1,27.05
1991CK84,193,168,69,1.59,1336,Cardio,16.8,2.7,5,3,23.21
1997LB44,191,132,69,1.88,1117,Yoga,19.8,2.7,4,3,23.48
1990BZ44,174,132,73,1.07,706,HIIT,34.2,2.2,3,2,17.44
1961KA04,176,147,63,1.65,1213,Strength,19.4,2.7,4,3,18.42
1995FA13,192,121,50,1.49,992,Strength,24.5,2.8,4,2,23.22
1972LU00,175,129,59,1.85,1181,Yoga,14.3,3.5,4,3,25.7
1999XJ23,188,141,65,1.03,726,Cardio,25.5,2.4,3,2,24.21
1961MP60,168,132,53,1.33,878,Yoga,26.5,2.6,3,2,19.88
1954LH33,192,128,60,1.03,725,Cardio,24.1,2.6,3,1,29.5
1971VO13,188,152,65,1.58,1189,Yoga,12.4,3.5,5,3,25.56
1994RL69,172,133,69,1.22,811,Strength,27.6,1.8,4,2,17.27
1989IZ11,180,167,50,0.77,637,Yoga,23.6,3,3,1,18.46
1969RO06,180,139,65,0.76,475,HIIT,26.6,2.1,2,1,30.34
1980LZ30,164,134,68,1.29,951,HIIT,24.9,3.7,4,2,27.43
1973SO74,169,151,70,1.09,815,Yoga,27.9,2.8,3,2,23.7
1987AS68,165,152,71,1.32,1104,Cardio,26.6,2.1,4,2,32.66
1962UY01,172,136,58,1.72,1287,Cardio,10.5,3.5,5,3,23.25
1962IC06,160,143,58,0.73,470,Strength,29.9,2.7,2,1,29.3
1966TB59,179,149,58,1.15,942,Strength,27,3.4,3,2,19.73
1996TC55,167,132,66,0.68,494,Cardio,25.3,2.3,3,1,24.44
1961DL66,169,166,61,1.83,1519,Yoga,17,2.7,5,3,26.75
1973KW41,168,167,74,1.63,1497,Strength,13.1,3.5,5,3,25.92
1968RU79,162,135,62,1.28,950,Cardio,29.7,3.5,3,2,36.95
1973XL95,170,121,57,1.46,883,Cardio,25.9,1.9,3,2,26.32
1956XO06,171,136,65,0.66,494,Yoga,23.9,2.6,2,1,31.32
1962ID81,169,151,67,1.05,713,HIIT,29.1,2.6,3,2,21.06
2000KX56,184,162,50,1.65,1336,Cardio,17.9,2.7,5,3,23.98
1956NZ82,184,127,50,1.38,876,Strength,26.5,2.1,4,2,21.84
1986GJ87,170,122,61,0.94,573,Yoga,26.8,1.7,2,1,21.84
1958PE44,195,131,55,1.42,921,Yoga,22.9,2.6,3,2,28.56
1978SL99,198,139,58,1.88,1307,Yoga,19.8,2.7,4,3,24.07
1993DV48,185,135,72,0.96,713,HIIT,27.3,3.2,2,1,34.92
1952LR35,173,133,54,0.75,549,HIIT,26.6,2.3,2,1,12.97
1991EW74,198,135,65,1.32,980,Strength,28.2,3,4,2,14.57
1962SK69,199,168,67,1.93,1783,Strength,10.6,3.5,4,3,24.36
1989YV85,160,162,66,0.79,634,Yoga,28.6,3.2,2,1,30.19
1997EE74,163,168,67,0.77,640,Strength,25.9,2.6,3,1,40.09
1989XP08,189,152,50,1.19,895,Cardio,23.4,3.2,2,1,24.78
1966DG42,171,149,68,0.72,531,HIIT,28.2,3.5,3,1,25.54
1966SL42,194,131,71,1.05,681,Yoga,28,2.8,4,2,21.83
1981SR82,172,134,57,1.24,914,Yoga,28.5,2.7,3,2,41.56
1973EZ58,190,137,52,1.26,863,Cardio,26.2,1.8,4,2,26.47
1986BE57,197,147,74,1.13,831,Cardio,34.7,2.2,3,2,26.14
1950ZO03,182,142,54,1.15,816,Cardio,34.6,2.6,2,1,31.64
1973FE63,163,133,72,1.56,1027,Cardio,11.8,3.5,4,3,33.61
1988EK08,175,149,57,1.31,976,Yoga,25.7,1.9,4,2,23.33
1967MY14,166,152,68,1.66,1135,HIIT,15.8,2.7,4,3,23.79
1959CR54,181,164,67,1.02,753,HIIT,34.9,2,3,2,28.28
1977II19,188,134,67,0.94,693,Cardio,25.6,2.7,3,1,44.1
1974VY99,170,126,70,1.13,705,Strength,23.6,3,3,2,14.07
1994UM58,192,134,50,0.89,656,Yoga,22.9,2.4,3,1,27.18
1952OM59,188,161,64,1.31,1044,HIIT,22.6,3.4,4,2,20.76
1980ZS57,198,165,67,0.95,784,Cardio,31.6,1.9,2,1,22.6
1994CH44,171,157,74,0.61,479,Strength,29.2,2.3,3,1,24.13
1996ZF50,166,165,56,1.97,1463,Strength,19.8,2.7,4,3,23.75
1969IO49,198,163,65,1.14,836,Cardio,31.8,2.1,3,1,28.68
1992ZP65,185,130,65,1.72,1230,Yoga,14,3.5,4,3,30.43
1981ZK46,199,148,64,0.76,557,HIIT,22.9,3,3,1,27.2
1962BR80,168,150,55,1.3,965,Strength,20.8,2.3,4,2,24.23
1989VG99,193,144,58,1.01,727,HIIT,29.9,2.4,3,2,16.01
1967VD06,172,143,56,1.04,736,HIIT,23.1,2.3,4,2,44.66
1967OA86,195,138,63,1.34,1017,Strength,22,2.2,2,1,35.47
1951WY98,184,121,60,0.85,514,Cardio,34.5,2.2,2,1,18.65
1965MT73,183,141,70,0.57,402,Strength,29.4,2.4,3,1,19.82
1971HY37,176,139,65,1.18,812,Strength,21.7,2.1,2,1,17.39
1995RO15,161,152,74,1.32,1104,Yoga,22,2.1,3,2,25.85
1991VQ01,172,127,55,1.77,1113,HIIT,11.4,3.5,4,3,27.55
1959QK94,190,144,71,1.99,1418,Cardio,15,3.5,5,3,30.66
1977MO68,188,165,65,1.38,1127,HIIT,22.7,3.4,3,2,20.07
1960KT78,187,128,69,1.02,718,Strength,23.3,3.4,4,2,48.43
1971DJ06,186,153,65,1.05,723,Cardio,31.6,1.8,3,2,27.11
1980HV85,174,142,61,1.2,852,Cardio,27.9,2.2,3,1,22.99
2000WO87,190,124,66,1.91,1066,Cardio,16.1,2.7,5,3,23.79
1950GM83,199,144,54,1.21,862,Cardio,21.6,2.8,3,2,31.74
1989QA17,174,127,74,1.39,883,Yoga,28.1,2.3,4,2,29.23
1985IM30,192,135,62,1.14,762,Cardio,21.1,3.5,2,1,16.01
1992DA56,179,167,57,1.2,992,Strength,20.2,2.1,4,2,21.34
1980OL77,171,164,73,1.03,760,Yoga,33,2.4,3,2,21.67
1967WE51,196,134,54,1.96,1445,Strength,10.7,3.5,5,3,25.14
1994NL71,168,120,61,1.24,818,Strength,27.8,2.8,3,2,26.22
1955PO10,182,141,58,1.32,838,HIIT,33,2.2,3,1,23.02
1993SZ53,167,122,52,1.83,1005,Cardio,17.7,2.7,4,3,23.41
1978ML56,191,157,52,0.81,636,Cardio,28.1,2.3,3,1,23.28
1991UU50,173,133,50,1.16,764,Strength,21.5,3.6,4,2,36.8
1981UU02,186,155,74,1.17,907,Cardio,32.4,1.6,3,1,27.03
1958SE83,184,137,71,1.02,699,Yoga,31,1.5,4,2,23.88
1999PG72,172,166,67,1.57,1290,HIIT,13.3,3.5,4,3,30.63
1997HA04,180,160,73,1.39,1001,Cardio,25.1,1.7,2,1,14.3
1956PN89,190,137,61,1.99,1227,Cardio,19.6,2.7,5,3,22.48
1973FC69,196,122,58,0.58,354,Yoga,25.7,2.7,2,1,16.8
1974GI08,164,129,58,1.87,1327,HIIT,11.8,3.5,5,3,23.93
1994GC17,172,168,67,1.12,1035,Yoga,24,3.2,4,2,21.48
1989RP41,187,158,67,1.57,1364,Strength,10,3.5,4,3,28.77
1979SG94,184,166,56,1.38,1260,Strength,25,3,2,1,25.69
1988SP39,194,120,53,1.72,929,Cardio,18.8,2.7,5,3,19.5
1955WG91,198,146,62,1.1,883,HIIT,28.2,2.1,3,2,37.74
2000PP43,166,146,66,0.75,542,Strength,28.8,3.5,2,1,33.38